USE EcommerceFootballStore

INSERT INTO DimCategory (CategoryName, CategoryCode) VALUES
	('Clothing', 'CLT'),
	('Footwear', 'FTW'),
	('Accesories', 'ACS')

INSERT INTO DimSubcategory (CategoryID, SubcategoryName, SubcategoryCode, ProductCount) VALUES
	(1, 'official club uniforms', 'CUF', 7),
	(1, 'training t-shirts', 'CTS', 5),
	(1, 'training shorts', 'CSH', 5),
	(1, 'football socks', 'CSC', 5),
	(1, 'dress uniforms', 'CDR', 5),
	(2, 'football shoes', 'FOD', 5),
	(2, 'indoor shoes', 'FID', 5),
	(2, 'turf shoes', 'FTR', 5),
	(3, 'hats', 'AHT', 5),
	(3, 'lanyards', 'ALY', 4),
	(3, 'cups', 'ACP', 3),
	(3, 'shin guards', 'ASG', 5),
	(3, 'balls', 'ABL', 5),
	(3, 'ball pump', 'ABP', 3)

-- Dla kategorii "official club uniforms" (SubcategoryID = 1)
INSERT INTO DimProduct (ProductName, SubcategoryID, Producer, UnitPrice)
VALUES
    ('Manchester United Home Kit', 1, 'Adidas', 299.99),
	('Real Madrid Home Kit', 1, 'Adidas', 299.99),
    ('Real Madrid Away Kit', 1, 'Adidas', 189.99),
    ('AC Milan Training Dress', 1, 'Puma', 179.99),
    ('FC Barcelona Home Kit', 1, 'Nike', 299.99),
	('Liverpool FC Home Kit', 1, 'New Balance', 249.99),
    ('Liverpool FC Away Kit', 1, 'New Balance', 189.99),
    ('Nike Training DryPark T-Shirt', 2, 'Nike', 29.99),
    ('Adidas ClimaCool Training T-Shirt', 2, 'Adidas', 27.99),
    ('Puma EvoKnit Training Tee', 2, 'Puma', 25.99),
    ('Under Armour HeatGear Training Top', 2, 'Under Armour', 23.99),
    ('New Balance Accelerate Training Shirt', 2, 'New Balance', 21.99),
    ('Nike Dri-FIT Training Shorts', 3, 'Nike', 39.99),
    ('Adidas Tango Training Shorts', 3, 'Adidas', 37.99),
    ('Puma DryCELL Training Shorts', 3, 'Puma', 35.99),
    ('Under Armour Raid Training Shorts', 3, 'Under Armour', 33.99),
    ('New Balance Accelerate Training Shorts', 3, 'New Balance', 31.99),
    ('Nike MatchFit Football Socks', 4, 'Nike', 15.99),
    ('Adidas Copa Zone Cushion Socks', 4, 'Adidas', 14.99),
    ('Puma Future Team Socks', 4, 'Puma', 13.99),
    ('Under Armour Soccer Over-The-Calf Socks', 4, 'Under Armour', 12.99),
    ('New Balance Furon Pro Socks', 4, 'New Balance', 11.99),
    ('Puma Dress Uniform', 5, 'Puma', 89.99),
    ('Nike Sportsewar Dress Uniform', 5, 'Nike', 99.99),
    ('Real Madrid Dress Uniform', 5, 'Adidas', 94.99),
    ('Adizero Dress Uniform', 5, 'Adidas', 99.99),
    ('Barcelona Dress Uniform', 5, 'Nike', 94.99),
    ('Nike Mercurial Superfly 8', 6, 'Nike', 219.99),
    ('Adidas Predator Freak.1', 6, 'Adidas', 199.99),
    ('Puma Future Z 1.1', 6, 'Puma', 189.99),
    ('Under Armour Magnetico Pro', 6, 'Under Armour', 179.99),
    ('New Balance Furon V6', 6, 'New Balance', 169.99),
    ('Nike React Gato', 7, 'Nike', 99.99),
    ('Adidas Predator Tango', 7, 'Adidas', 89.99),
    ('Puma King Platinum', 7, 'Puma', 79.99),
    ('Under Armour Spotlight', 7, 'Under Armour', 69.99),
    ('New Balance Audazo', 7, 'New Balance', 59.99),
    ('Nike Tiempo Legend 9 Turf', 8, 'Nike', 109.99),
    ('Adidas X Speedflow Turf', 8, 'Adidas', 99.99),
    ('Puma Future Z Turf', 8, 'Puma', 89.99),
    ('Under Armour Magnetico Turf', 8, 'Under Armour', 79.99),
    ('New Balance Furon Turf', 8, 'New Balance', 69.99),
    ('Nike Classic99 Hat', 9, 'Nike', 24.99),
    ('Adidas Superlite Hat', 9, 'Adidas', 22.99),
    ('Puma Evercat Alloy Hat', 9, 'Puma', 19.99),
    ('Under Armour Blitzing Hat', 9, 'Under Armour', 18.99),
    ('New Balance Performance Visor', 9, 'New Balance', 17.99),
    ('Nike Logo Lanyard', 10, 'Nike', 9.99),
    ('Adidas 3-Stripes Lanyard', 10, 'Adidas', 8.99),
    ('Under Armour Stretch Lanyard', 10, 'Under Armour', 6.99),
    ('New Balance Logo Lanyard', 10, 'New Balance', 5.99),
    ('Nike Swoosh Insulated Cup', 11, 'Nike', 14.99),
    ('Adidas Classic 3-Stripes Cup', 11, 'Adidas', 12.99),
    ('Puma Cat Logo Cup', 11, 'Puma', 10.99),
    ('Nike Mercurial Lite Shin Guards', 12, 'Nike', 24.99),
    ('Adidas X Pro Shin Guards', 12, 'Adidas', 22.99),
    ('Puma Future Lite Shin Guards', 12, 'Puma', 19.99),
    ('Under Armour ArmourFlex Shin Guards', 12, 'Under Armour', 18.99),
    ('New Balance Furon Pro Shin Guards', 12, 'New Balance', 17.99),
    ('Nike Premier Team Football', 13, 'Nike', 29.99),
    ('Adidas Tango Match Ball', 13, 'Adidas', 27.99),
    ('Puma Future Grip1 Match Ball', 13, 'Puma', 25.99),
    ('Under Armour Desafio Match Ball', 13, 'Under Armour', 23.99),
    ('New Balance Furon Dispatch Match Ball', 13, 'New Balance', 21.99),
    ('Nike Dual-Action Ball Pump', 14, 'Nike', 9.99),
    ('Adidas Hand Pump', 14, 'Adidas', 7.99),
    ('Puma Needle Pump', 14, 'Puma', 5.99)

INSERT INTO DimDelivery (Supplier, DeliveryPrice)
VALUES
	('DPD', 14.99),
	('DHL', 14.99),
	('InPost', 12.99)

SET IDENTITY_INSERT DimPromotion ON

INSERT INTO DimPromotion (PromotionID, Description, Discount, StartDate, EndDate, Scope)
VALUES
	(1, 'first purchase -15%', 0.15, '1900-01-01', '9999-12-31', 'Global'),
	(2, 'after season sale', 0.20, '2023-07-01', '2024-07-31', 'Global'),
	(3, 'Adidas black week', 0.10, '2023-08-15', '2023-08-21', 'Adidas'),
	(4, 'Nike black week', 0.10, '2023-08-22', '2023-08-28', 'Nike'),
	(5, 'welcome autum sale', 0.12, '2023-09-23', '2023-10-07', 'Global')

SET IDENTITY_INSERT DimPromotion OFF

INSERT INTO DimCustomer (FirstName, LastName, BirthDate, Gender, Kids, MartialStatus, DeliveryAddress, CorrespondenceAddress)
VALUES
	('Piotr', 'Wiœniewski', '1990-12-17', 'M', 1, 'married', 'ul. Hetmañska 8/20, 61-600 Poznañ', 'ul. Hetmañska 8/20, 61-600 Poznañ'),
	('Anna', 'Drzewiecka', '1993-03-15', 'F', 0, 'single', 'ul. Bohra-Komorowskiego 7/19, 80-377 Gdañsk', 'ul. Wyœcigowa 10, 80-100 Sopot'),
	('Jan', 'Kowalski', '1988-07-02', 'M', 2, 'married', 'ul. Mickiewicza 12/5, 30-527 Kraków', 'ul. Mickiewicza 12/5, 30-527 Kraków'),
	('Micha³', 'Jankowski', '1998-11-10', 'M', 0, 'single', 'ul. Piêkna 9, 00-001 Warszawa', 'ul. Piêkna 9, 00-001 Warszawa'),
	('Alicja', 'Lis', '2002-04-20', 'F', 1, 'single', 'ul. Górna 15/2, 70-254 Szczecin', 'ul. Górna 15/2, 70-254 Szczecin'),
	('Marek', 'Zieliñski', '1985-06-30', 'M', 0, 'divorced', 'ul. Kwiatowa 3/8, 90-001 £ódŸ', 'ul. Przybyszewskiego 7, 90-100 Pabianice'),
	('Krzysztof', 'Szymañski', '1997-01-05', 'M', 0, 'single', 'ul. Polna 7/3, 40-001 Katowice', 'ul. Polna 7/3, 40-001 Katowice'),
	('Natalia', 'Wójcik', '2000-12-01', 'F', 2, 'married', 'ul. Mickiewicza 11, 32-500 Chrzanów', 'ul. Koœciuszki 5/7, 32-400 Myœlenice'),
	('Adam', 'Kaczmarek', '1996-05-07', 'M', 1, 'married', 'ul. Piastowska 5/9, 80-200 Gdañsk', 'ul. Piastowska 5/9, 80-200 Gdañsk'),
	('Aleksandra', 'Nowicka', '1998-08-22', 'F', 0, 'single', 'ul. Jagielloñska 8, 30-700 Kraków', 'ul. Jagielloñska 8, 30-700 Kraków'),
	('Miko³aj', 'Piotrowski', '1994-10-12', 'M', 3, 'married', 'ul. Koœciuszki 10/1, 50-001 Poznañ', 'ul. Koœciuszki 10/1, 50-001 Poznañ'),
	('Wiktoria', 'D¹browska', '1997-11-30', 'F', 2, 'married', 'ul. Mickiewicza 7/4, 40-800 Katowice', 'ul. Mickiewicza 7/4, 40-800 Katowice'),
	('£ukasz', 'Witkowski', '2001-01-25', 'M', 0, 'single', 'ul. Parkowa 6, 20-001 Lublin', 'ul. Parkowa 6, 20-001 Lublin'),
	('Kinga', 'Kowalczyk', '1987-04-14', 'F', 1, 'divorced', 'ul. Górna 9/5, 90-600 £ódŸ', 'ul. Górna 9/5, 90-600 £ódŸ'),
	('Kamil', 'Paw³owski', '1991-06-08', 'M', 0, 'single', 'ul. D³uga 12/7, 80-400 Gdañsk', 'ul. D³uga 12/7, 80-400 Gdañsk'),
	('Bartosz', 'Jab³oñski', '1993-12-19', 'M', 0, 'single', 'ul. Wojska Polskiego 8, 50-100 Wroc³aw', 'ul. Wojska Polskiego 8, 50-100 Wroc³aw'),
	('Monika', 'Krawczyk', '1995-02-27', 'F', 0, 'single', 'ul. Bohaterów Warszawy 4/6, 02-100 Warszawa', 'ul. Bohaterów Warszawy 4/6, 02-100 Warszawa'),
	('Damian', 'Kowal', '1990-08-03', 'M', 2, 'married', 'ul. S³oneczna 7/2, 70-200 Szczecin', 'ul. S³oneczna 7/2, 70-200 Szczecin'),
	('Pawe³', 'Krajewski', '1993-04-15', 'M', 1, 'married', 'ul. Mickiewicza 5, 30-100 Kraków', 'ul. Mickiewicza 5, 30-100 Kraków'),
	('Dominika', 'Zawisza', '1997-05-21', 'F', 0, 'single', 'ul. Leœna 3/9, 60-500 Poznañ', 'ul. Leœna 3/9, 60-500 Poznañ'),
	('Artur', 'Kaczor', '2000-09-11', 'M', 0, 'single', 'ul. Piastowska 10, 80-200 Gdañsk', 'ul. Piastowska 10, 80-200 Gdañsk'),
	('Mariusz', 'Kwiatkowski', '1991-02-18', 'M', 1, 'married', 'ul. Polna 4/6, 40-100 Katowice', 'ul. Polna 4/6, 40-100 Katowice'),
	('£ukasz', 'Zieliñski', '1998-11-15', 'M', 3, 'married', 'ul. D³uga 8/12, 80-500 Gdañsk', 'ul. D³uga 8/12, 80-500 Gdañsk'),
	('Grzegorz', 'Nowakowski', '1987-07-14', 'M', 0, 'single', 'ul. Piastowska 7, 80-500 Gdañsk', 'ul. Piastowska 7, 80-500 Gdañsk'),
	('Martyna', 'Kaczorowska', '1993-09-30', 'F', 1, 'married', 'ul. Jagielloñska 5/2, 30-400 Kraków', 'ul. Jagielloñska 5/2, 30-400 Kraków'),
	('Marcin', 'Witkowski', '1996-11-22', 'M', 0, 'single', 'ul. Leœna 12/8, 60-100 Poznañ', 'ul. Leœna 12/8, 60-100 Poznañ'),
	('Kamil', 'Zawisza', '1991-04-10', 'M', 0, 'single', 'ul. Mickiewicza 8, 30-500 Kraków', 'ul. Mickiewicza 8, 30-500 Kraków'),
	('Anna', 'Szymañska', '1994-06-15', 'F', 1, 'married', 'ul. Sienkiewicza 9/7, 20-200 Lublin', 'ul. Sienkiewicza 9/7, 20-200 Lublin'),
	('Pawe³', 'Kowalczyk', '1997-09-20', 'M', 0, 'single', 'ul. Wojska Polskiego 11/6, 50-500 Wroc³aw', 'ul. Wojska Polskiego 11/6, 50-500 Wroc³aw'),
	('Monika', 'Piotrowska', '1988-12-25', 'F', 2, 'married', 'ul. Górna 6, 90-300 £ódŸ', 'ul. Górna 6, 90-300 £ódŸ'),
	('Tomasz', 'Kamiñski', '1992-03-30', 'M', 1, 'married', 'ul. D³uga 10/4, 80-200 Gdañsk', 'ul. D³uga 10/4, 80-200 Gdañsk'),
	('Dominik', 'Lis', '1989-05-14', 'M', 0, 'single', 'ul. S³oneczna 3/7, 70-100 Szczecin', 'ul. S³oneczna 3/7, 70-100 Szczecin'),
	('Karolina', 'Nowicka', '1995-09-12', 'F', 1, 'married', 'ul. Wroc³awska 14/1, 50-600 Wroc³aw', 'ul. Wroc³awska 14/1, 50-600 Wroc³aw'),
	('Mariusz', 'Paw³owski', '1990-11-27', 'M', 0, 'single', 'ul. Mickiewicza 6, 30-200 Kraków', 'ul. Mickiewicza 6, 30-200 Kraków'),
	('Tomasz', 'Szymañski', '1997-04-18', 'M', 0, 'single', 'ul. Polna 7, 40-500 Katowice', 'ul. Polna 7, 40-500 Katowice'),
	('Natalia', 'Wójcik', '1998-06-21', 'F', 1, 'married', 'ul. Mickiewicza 12, 20-300 Lublin', 'ul. Mickiewicza 12, 20-300 Lublin'),
	('Rafa³', 'Kaczmarek', '1994-08-15', 'M', 0, 'single', 'ul. Sienkiewicza 5/3, 20-400 Lublin', 'ul. Sienkiewicza 5/3, 20-400 Lublin'),
	('Katarzyna', 'Zawisza', '1991-10-10', 'F', 3, 'married', 'ul. Leœna 9, 60-300 Poznañ', 'ul. Leœna 9, 60-300 Poznañ'),
	('Bartosz', 'Kowal', '1996-12-25', 'M', 0, 'single', 'ul. Piêkna 10/2, 80-600 Gdañsk', 'ul. Piêkna 10/2, 80-600 Gdañsk')

INSERT INTO SalesOnline (OrderDate, DeliveryDate, CustomerID, DeliveryID, Invoice)
VALUES
	('2023-06-01', '2023-06-03', NULL, 1, 1),
	('2023-06-01', '2023-06-04', 153, 2, 0),
	('2023-06-02', '2023-06-04', 155, 1, 1),
	('2023-06-02', '2023-06-04', 157, 3, 0),
	('2023-06-03', '2023-06-06', NULL, 2, 1),
	('2023-06-03', '2023-06-06', 159, 1, 0),
	('2023-06-04', '2023-06-05', 161, 2, 1),
	('2023-06-04', '2023-06-06', 163, 3, 0),
	('2023-06-05', '2023-06-07', NULL, 1, 1),
	('2023-06-05', '2023-06-09', 166, 2, 0),
	('2023-06-06', '2023-06-08', 168, 1, 1),
	('2023-06-06', '2023-06-09', NULL, 3, 0),
	('2023-06-07', '2023-06-10', NULL, 3, 1),
	('2023-06-08', '2023-06-11', 170, 2, 0),
	('2023-06-08', '2023-06-12', 172, 1, 1),
	('2023-06-09', '2023-06-12', NULL, 3, 0),
	('2023-06-10', '2023-06-14', 175, 1, 0),
	('2023-06-10', '2023-06-15', 177, 2, 1),
	('2023-06-11', '2023-06-14', 179, 3, 0),
	('2023-06-11', '2023-06-15', NULL, 1, 1),
	('2023-06-12', '2023-06-16', 181, 2, 0),
	('2023-06-12', '2023-06-17', 183, 3, 1),
	('2023-06-13', '2023-06-16', NULL, 1, 0),
	('2023-06-13', '2023-06-17', 175, 2, 1),
	('2023-06-14', '2023-06-18', 177, 1, 1),
	('2023-06-14', '2023-06-20', 177, 2, 0),
	('2023-06-15', '2023-06-18', NULL, 3, 1),
	('2023-06-15', '2023-06-21', 152, 1, 0),
	('2023-06-16', '2023-06-19', 154, 2, 1),
	('2023-06-16', '2023-06-20', 156, 3, 0),
	('2023-06-17', '2023-06-21', NULL, 1, 1),
	('2023-06-17', '2023-06-22', 158, 2, 0),
	('2023-06-18', '2023-06-21', 160, 3, 1),
	('2023-06-18', '2023-06-23', 162, 1, 0),
	('2023-06-19', '2023-06-24', NULL, 2, 1),
	('2023-06-19', '2023-06-25', 164, 3, 0),
	('2023-06-20', '2023-06-23', 166, 1, 0),
	('2023-06-20', '2023-06-26', 168, 2, 1),
	('2023-06-21', '2023-06-24', NULL, 3, 1),
	('2023-06-21', '2023-06-27', 170, 1, 0),
	('2023-06-22', '2023-06-25', 172, 2, 0),
	('2023-06-22', '2023-06-28', 174, 3, 1),
	('2023-06-23', '2023-06-26', NULL, 1, 0),
	('2023-06-23', '2023-06-29', 176, 2, 1),
	('2023-06-24', '2023-06-27', 178, 3, 0),
	('2023-06-24', '2023-06-30', NULL, 1, 1),
	('2023-06-25', '2023-06-28', 180, 2, 0),
	('2023-06-25', '2023-07-01', 182, 3, 0),
	('2023-06-26', '2023-06-29', NULL, 1, 1),
	('2023-06-26', '2023-07-02', 184, 2, 1),
	('2023-06-27', '2023-06-30', 186, 3, 0),
	('2023-07-01', '2023-07-05', NULL, 1, 1),
	('2023-07-01', '2023-07-06', 153, 2, 0),
	('2023-07-02', '2023-07-05', 155, 3, 1),
	('2023-07-02', '2023-07-07', 157, 1, 0),
	('2023-07-03', '2023-07-08', NULL, 2, 1),
	('2023-07-03', '2023-07-09', 159, 3, 0),
	('2023-07-04', '2023-07-08', 161, 1, 0),
	('2023-07-04', '2023-07-10', 163, 2, 1),
	('2023-07-05', '2023-07-09', NULL, 3, 0),
	('2023-07-05', '2023-07-11', 165, 1, 1),
	('2023-07-06', '2023-07-10', 167, 2, 0),
	('2023-07-06', '2023-07-12', 169, 3, 1),
	('2023-07-07', '2023-07-11', NULL, 1, 0),
	('2023-07-07', '2023-07-13', 171, 2, 1),
	('2023-07-08', '2023-07-12', 173, 3, 0),
	('2023-07-08', '2023-07-14', NULL, 1, 0),
	('2023-07-09', '2023-07-13', 175, 2, 1),
	('2023-07-09', '2023-07-15', 177, 3, 0),
	('2023-07-10', '2023-07-14', 179, 1, 1),
	('2023-07-10', '2023-07-16', 181, 2, 0),
	('2023-07-11', '2023-07-15', NULL, 3, 0),
	('2023-07-11', '2023-07-17', 183, 1, 1),
	('2023-07-12', '2023-07-16', 185, 2, 0),
	('2023-07-12', '2023-07-18', 187, 3, 1),
	('2023-07-13', '2023-07-17', NULL, 1, 0),
	('2023-07-13', '2023-07-19', 179, 2, 1),
	('2023-07-14', '2023-07-18', 152, 3, 0),
	('2023-07-14', '2023-07-20', 154, 1, 1),
	('2023-07-15', '2023-07-19', NULL, 2, 0),
	('2023-07-15', '2023-07-21', 156, 3, 1),
	('2023-07-16', '2023-07-20', 158, 1, 0),
	('2023-07-16', '2023-07-22', 160, 2, 1),
	('2023-07-17', '2023-07-21', NULL, 3, 0),
	('2023-07-17', '2023-07-23', 162, 1, 1),
	('2023-07-18', '2023-07-22', 164, 2, 0),
	('2023-07-18', '2023-07-24', 166, 3, 1),
	('2023-07-19', '2023-07-23', 168, 1, 1),
	('2023-07-19', '2023-07-25', 170, 2, 0),
	('2023-07-20', '2023-07-24', NULL, 3, 1),
	('2023-07-20', '2023-07-26', 172, 1, 0),
	('2023-07-21', '2023-07-25', 174, 2, 1),
	('2023-07-21', '2023-07-27', 176, 3, 0),
	('2023-07-22', '2023-07-26', NULL, 1, 1),
	('2023-07-22', '2023-07-28', 178, 2, 0),
	('2023-07-23', '2023-07-27', 180, 3, 1),
	('2023-07-23', '2023-07-29', 182, 1, 0),
	('2023-07-24', '2023-07-28', NULL, 2, 0),
	('2023-07-24', '2023-07-30', 184, 3, 1),
	('2023-07-25', '2023-07-29', 186, 1, 0),
	('2023-07-25', '2023-07-31', NULL, 2, 1),
	('2023-07-26', '2023-07-30', 188, 3, 0),
	('2023-07-26', '2023-08-01', 180, 1, 1),
	('2023-07-27', '2023-07-31', NULL, 2, 0),
	('2023-07-27', '2023-08-02', 162, 3, 1),
	('2023-07-28', '2023-08-01', 184, 1, 0),
	('2023-07-28', '2023-08-03', NULL, 2, 1),
	('2023-07-29', '2023-08-02', 176, 3, 0),
	('2023-07-29', '2023-08-04', 178, 1, 1),
	('2023-07-30', '2023-08-03', NULL, 2, 0),
	('2023-07-30', '2023-08-05', 170, 3, 1),
	('2023-08-01', '2023-08-03', 150, 1, 1),
	('2023-08-01', '2023-08-04', NULL, 2, 0),
	('2023-08-02', '2023-08-05', 151, 3, 1),
	('2023-08-02', '2023-08-06', 152, 1, 0),
	('2023-08-03', '2023-08-07', NULL, 2, 1),
	('2023-08-03', '2023-08-08', 153, 3, 0),
	('2023-08-04', '2023-08-09', 154, 1, 1),
	('2023-08-04', '2023-08-09', NULL, 2, 0),
	('2023-08-05', '2023-08-09', 155, 3, 1),
	('2023-08-05', '2023-08-10', 156, 1, 0),
	('2023-08-06', '2023-08-10', NULL, 2, 1),
	('2023-08-06', '2023-08-10', 157, 3, 0),
	('2023-08-07', '2023-08-12', 158, 1, 1),
	('2023-08-07', '2023-08-12', NULL, 2, 0),
	('2023-08-08', '2023-08-12', 159, 3, 1),
	('2023-08-08', '2023-08-12', 160, 1, 0),
	('2023-08-09', '2023-08-13', NULL, 2, 1),
	('2023-08-09', '2023-08-13', 161, 3, 0),
	('2023-08-10', '2023-08-13', 162, 1, 1),
	('2023-08-10', '2023-08-14', NULL, 2, 0),
	('2023-08-11', '2023-08-14', 163, 3, 1),
	('2023-08-11', '2023-08-15', 164, 1, 0),
	('2023-08-12', '2023-08-16', NULL, 2, 1),
	('2023-08-12', '2023-08-16', 165, 3, 0),
	('2023-08-13', '2023-08-17', 166, 1, 1),
	('2023-08-13', '2023-08-18', NULL, 2, 0),
	('2023-08-14', '2023-08-18', 167, 3, 1),
	('2023-08-14', '2023-08-19', 168, 1, 0),
	('2023-08-15', '2023-08-19', NULL, 2, 1),
	('2023-08-15', '2023-08-19', 169, 3, 0),
	('2023-08-16', '2023-08-19', 170, 1, 1),
	('2023-08-16', '2023-08-20', NULL, 2, 0),
	('2023-08-17', '2023-08-20', 171, 3, 1),
	('2023-08-17', '2023-08-21', 172, 1, 0),
	('2023-08-18', '2023-08-21', NULL, 2, 1),
	('2023-08-18', '2023-08-22', 173, 3, 0),
	('2023-08-19', '2023-08-22', 174, 1, 1),
	('2023-08-19', '2023-08-23', NULL, 2, 0),
	('2023-08-20', '2023-08-23', 175, 3, 1),
	('2023-08-20', '2023-08-24', 176, 1, 0),
	('2023-08-21', '2023-08-24', NULL, 2, 1),
	('2023-08-21', '2023-08-25', 177, 3, 0),
	('2023-08-22', '2023-08-26', 178, 1, 1),
	('2023-08-22', '2023-08-25', NULL, 2, 0),
	('2023-08-23', '2023-08-26', 179, 3, 1),
	('2023-08-23', '2023-08-27', 180, 1, 0),
	('2023-08-24', '2023-08-28', NULL, 2, 1),
	('2023-08-24', '2023-08-28', 181, 3, 0),
	('2023-08-25', '2023-08-30', 182, 1, 1),
	('2023-08-25', '2023-08-31', NULL, 2, 0),
	('2023-08-26', '2023-08-30', 183, 3, 1),
	('2023-08-26', '2023-08-31', 184, 1, 0),
	('2023-08-27', '2023-08-30', NULL, 2, 1),
	('2023-08-27', '2023-08-31', 185, 3, 0),
	('2023-08-28', '2023-08-31', 186, 1, 1),
	('2023-08-28', '2023-08-31', NULL, 2, 0),
	('2023-08-29', '2023-09-01', 187, 3, 1),
	('2023-08-29', '2023-09-01', 188, 1, 0),
	('2023-08-30', '2023-09-03', NULL, 2, 1),
	('2023-08-30', '2023-09-03', 150, 3, 0),
	('2023-08-31', '2023-09-04', 151, 1, 1),
	('2023-08-31', '2023-09-05', NULL, 2, 0),
	('2023-09-01', '2023-09-04', 152, 3, 1),
	('2023-09-01', '2023-09-05', 153, 1, 0),
	('2023-09-02', '2023-09-06', NULL, 2, 1),
	('2023-09-02', '2023-09-07', 154, 3, 0),
	('2023-09-03', '2023-09-07', NULL, 2, 0),
	('2023-09-03', '2023-09-08', 155, 3, 1),
	('2023-09-04', '2023-09-08', 156, 1, 0),
	('2023-09-04', '2023-09-11', NULL, 2, 1),
	('2023-09-05', '2023-09-09', 157, 3, 0),
	('2023-09-05', '2023-09-10', 158, 1, 1),
	('2023-09-06', '2023-09-10', NULL, 2, 0),
	('2023-09-06', '2023-09-11', 159, 3, 1),
	('2023-09-07', '2023-09-11', 160, 1, 0),
	('2023-09-07', '2023-09-11', NULL, 2, 1),
	('2023-09-08', '2023-09-12', 161, 3, 0),
	('2023-09-08', '2023-09-12', 162, 1, 1),
	('2023-09-09', '2023-09-12', NULL, 2, 0),
	('2023-09-09', '2023-09-13', 163, 3, 1),
	('2023-09-10', '2023-09-14', 164, 1, 0),
	('2023-09-10', '2023-09-14', NULL, 2, 1),
	('2023-09-11', '2023-09-15', 165, 3, 0),
	('2023-09-11', '2023-09-15', 166, 1, 1),
	('2023-09-11', '2023-09-13', 150, 1, 0),
	('2023-09-11', '2023-09-14', NULL, 2, 1),
	('2023-09-12', '2023-09-14', 151, 3, 0),
	('2023-09-12', '2023-09-15', 152, 1, 1),
	('2023-09-13', '2023-09-15', NULL, 2, 0),
	('2023-09-13', '2023-09-16', 153, 3, 1),
	('2023-09-14', '2023-09-16', 154, 1, 0),
	('2023-09-14', '2023-09-17', NULL, 2, 1),
	('2023-09-15', '2023-09-17', 155, 3, 0),
	('2023-09-15', '2023-09-18', 156, 1, 1),
	('2023-09-16', '2023-09-18', NULL, 2, 0),
	('2023-09-16', '2023-09-19', 157, 3, 1),
	('2023-09-17', '2023-09-19', 158, 1, 0),
	('2023-09-17', '2023-09-20', NULL, 2, 1),
	('2023-09-18', '2023-09-20', 159, 3, 0),
	('2023-09-18', '2023-09-21', 160, 1, 1),
	('2023-09-19', '2023-09-21', NULL, 2, 0),
	('2023-09-19', '2023-09-22', 161, 3, 1),
	('2023-09-20', '2023-09-22', 162, 1, 0),
	('2023-09-20', '2023-09-23', NULL, 2, 1),
	('2023-09-21', '2023-09-23', 163, 3, 0),
	('2023-09-21', '2023-09-24', 164, 1, 1),
	('2023-09-22', '2023-09-24', NULL, 2, 0),
	('2023-09-22', '2023-09-25', 165, 3, 1),
	('2023-09-23', '2023-09-25', 166, 1, 0),
	('2023-09-23', '2023-09-26', NULL, 2, 1),
	('2023-09-24', '2023-09-26', 167, 3, 0),
	('2023-09-24', '2023-09-27', 168, 1, 1),
	('2023-09-25', '2023-09-27', NULL, 2, 0),
	('2023-09-25', '2023-09-28', 169, 3, 1),
	('2023-09-26', '2023-09-28', 170, 1, 0),
	('2023-09-26', '2023-09-29', NULL, 2, 1),
	('2023-09-27', '2023-09-29', 171, 3, 0),
	('2023-09-27', '2023-09-30', 172, 1, 1),
	('2023-09-28', '2023-09-30', NULL, 2, 0),
	('2023-09-28', '2023-10-01', 173, 3, 1),
	('2023-09-29', '2023-10-01', 174, 1, 0),
	('2023-09-29', '2023-10-02', NULL, 2, 1),
	('2023-09-30', '2023-10-02', 175, 3, 0),
	('2023-09-30', '2023-10-03', 176, 1, 1),
	('2023-10-01', '2023-10-03', NULL, 2, 0),
	('2023-10-01', '2023-10-04', 177, 3, 1),
	('2023-10-02', '2023-10-04', 178, 1, 0),
	('2023-10-02', '2023-10-05', NULL, 2, 1),
	('2023-10-03', '2023-10-05', 179, 3, 0),
	('2023-10-03', '2023-10-06', 180, 1, 1),
	('2023-10-04', '2023-10-06', NULL, 2, 0),
	('2023-10-04', '2023-10-07', 181, 3, 1),
	('2023-10-05', '2023-10-07', 182, 1, 0),
	('2023-10-05', '2023-10-08', NULL, 2, 1),
	('2023-10-06', '2023-10-08', 183, 3, 0),
	('2023-10-06', '2023-10-09', 184, 1, 1),
	('2023-10-07', NULL, NULL, 2, 0),
	('2023-10-07', NULL, 185, 3, 1),
	('2023-10-08', NULL, 186, 1, 0),
	('2023-10-08', NULL, NULL, 2, 1),
	('2023-10-09', NULL, 187, 3, 0),
	('2023-10-09', NULL, 188, 1, 1)

INSERT INTO OrderDetails (OrderID, ProductID, Quantity, PromotionID)
VALUES
	(10000, 15, 1, NULL),
	(10001, 27, 2, NULL),
	(10001, 8, 1, NULL),
	(10002, 32, 1, NULL),
	(10003, 45, 2,  NULL),
	(10004, 60, 3,  NULL),
	(10005, 61, 1,  NULL),
	(10005, 12, 1,  NULL),
	(10005, 11, 1,  NULL),
	(10006, 4, 1,  NULL),
	(10006, 18, 2,  NULL),
	(10007, 15, 1,  NULL),
	(10008, 27, 2,  NULL),
	(10008, 8, 1,  NULL),
	(10009, 32, 1,  NULL),
	(10010, 46, 1,  NULL),
	(10011, 60, 2,  NULL),
	(10012, 61, 1,  NULL),
	(10012, 12, 1,  NULL),
	(10012, 11, 1,  NULL),
	(10013, 2, 1,  NULL),
	(10013, 19, 3,  NULL),
	(10014, 12, 2,  NULL),
	(10015, 22, 3,  NULL),
	(10015, 28, 2,  NULL),
	(10016, 1, 1,  NULL),
	(10017, 13, 2,  NULL),
	(10017, 54, 1,  NULL),
	(10018, 34, 1,  NULL),
	(10018, 25, 2,  NULL),
	(10019, 16, 1,  NULL),
	(10020, 1, 1,  NULL),
	(10020, 17, 2,  NULL),
	(10021, 2, 1,  NULL),
	(10022, 4, 1,  NULL),
	(10022, 25, 3,  NULL),
	(10023, 18, 1,  NULL),
	(10023, 60, 3,  NULL),
	(10024, 53, 2,  NULL),
	(10025, 54, 1,  NULL),
	(10025, 43, 1,  NULL),
	(10026, 17, 2,  NULL),
	(10026, 4, 1,  NULL),
	(10027, 5, 1,  NULL),
	(10028, 35, 1,  NULL),
	(10028, 12, 1,  NULL),
	(10029, 15, 3,  NULL),
	(10030, 13, 2,  NULL),
	(10030, 21, 1,  NULL),
	(10031, 23, 1,  NULL),
	(10031, 7, 1,  NULL),
	(10032, 45, 4,  NULL),
	(10033, 31, 2,  NULL),
	(10033, 23, 1,  NULL),
	(10034, 33, 3,  NULL),
	(10034, 38, 1,  NULL),
	(10035, 16, 1,  NULL),
	(10036, 17, 3,  NULL),
	(10036, 25, 1,  NULL),
	(10037, 2, 1,  NULL),
	(10038, 14, 2,  NULL),
	(10038, 35, 1,  NULL),
	(10039, 13, 1,  NULL),
	(10039, 63, 1,  NULL),
	(10040, 20, 2,  NULL),
	(10041, 1, 1,  NULL),
	(10041, 12, 2,  NULL),
	(10042, 4, 1,  NULL),
	(10042, 18, 1,  NULL),
	(10043, 34, 1,  NULL),
	(10044, 32, 3,  NULL),
	(10044, 51, 1,  NULL),
	(10045, 9, 1,  NULL),
	(10046, 18, 2,  NULL),
	(10046, 21, 1,  NULL),
	(10047, 22, 1,  NULL),
	(10047, 31, 3,  NULL),
	(10048, 14, 1,  NULL),
	(10049, 28, 2,  NULL),
	(10049, 6, 1,  NULL),
	(10050, 15, 1,  NULL),
	(10050, 55, 1,  NULL),
	(10051, 1, 1, 2),
	(10052, 54, 1, 2),
	(10053, 41, 1, 2),
	(10054, 48, 2, 2),
	(10054, 14, 1, 2),
	(10054, 10, 1, 2),
	(10054, 41, 1, 2),
	(10055, 64, 2, 2),
	(10056, 8, 1, 2),
	(10057, 24, 1, 2),
	(10057, 14, 1, 2),
	(10058, 2, 2, 2),
	(10058, 25, 1, 2),
	(10059, 40, 1, 2),
	(10060, 11, 2, 2),
	(10060, 38, 1, 2),
	(10061, 64, 1, 2),
	(10062, 62, 1, 2),
(10062, 29, 2, 2),
(10063, 55, 3, 2),
(10063, 60, 1, 2),
(10064, 29, 1, 2),
(10065, 60, 2, 2),
(10066, 67, 1, 2),
(10066, 59, 2, 2),
(10067, 6, 1, 2),
(10068, 3, 1, 2),
(10068, 34, 2, 2),
(10069, 38, 1, 2),
(10070, 11, 1, 2),
(10070, 45, 1, 2),
(10070, 7, 2, 2),
(10071, 1, 1, 2),
(10072, 7, 1, 2),
(10073, 36, 1, 2),
(10073, 64, 1, 2),
(10074, 32, 1, 2),
(10075, 10, 1, 2),
(10075, 15, 2, 2),
(10076, 44, 2, 2),
(10076, 58, 1, 2),
(10077, 4, 1, 2),
(10078, 1, 1, 2),
(10078, 8, 2, 2),
(10079, 20, 1, 2),
(10079, 31, 1, 2),
(10080, 32, 1, 2),
(10081, 13, 1, 2),
(10081, 28, 2, 2),
(10082, 52, 1, 2),
(10083, 33, 2, 2),
(10083, 44, 2, 2),
(10084, 25, 1, 2),
(10085, 22, 1, 2),
(10086, 64, 1, 2),
(10086, 57, 1, 2),
(10087, 45, 2, 2),
(10087, 3, 3, 2),
(10088, 63, 1, 2),
(10089, 53, 2, 2),
(10089, 25, 1, 2),
(10090, 23, 1, 2),
(10091, 19, 2, 2),
(10091, 6, 1, 2),
(10092, 42, 1, 2),
(10093, 29, 2, 2),
(10094, 31, 1, 2),
(10094, 48, 1, 2),
(10094, 8, 1, 2),
(10095, 49, 1, 2),
(10096, 3, 1, 2),
(10097, 37, 2, 2),
(10097, 41, 2, 2),
(10098, 3, 2, 2),
(10099, 11, 1, 2),
(10100, 26, 1, 2),
(10100, 44, 1, 2),
(10101, 14, 1, 2),
(10102, 28, 1, 2),
(10102, 27, 1, 2),
(10103, 30, 1, 2),
(10103, 63, 1, 2),
(10104, 30, 1, 2),
(10105, 29, 2, 2),
(10106, 16, 2, 2),
(10107, 17, 3, 2),
(10107, 54, 1, 2),
(10108, 43, 1, 2),
(10108, 11, 1, 2),
(10109, 43, 1, 2),
(10110, 65, 1, 2),
(10110, 17, 1, 2),
(10111, 5, 1,  NULL),
(10112, 47, 1,  NULL),
(10113, 65, 1,  NULL),
(10113, 56, 2,  NULL),
(10114, 49, 3,  NULL),
(10115, 7, 3,  NULL),
(10115, 12, 1,  NULL),
(10116, 32, 1,  NULL),
(10117, 26, 1,  NULL),
(10118, 9, 1,  NULL),
(10118, 51, 1,  NULL),
(10119, 21, 1,  NULL),
(10120, 46, 1,  NULL),
(10121, 61, 1,  NULL),
(10121, 56, 1,  NULL),
(10122, 31, 1,  NULL),
(10123, 56, 1,  NULL),
(10123, 1, 1,  NULL),
(10124, 54, 1,  NULL),
(10125, 57, 1,  NULL),
(10126, 46, 1,  NULL),
(10126, 26, 1,  NULL),
(10127, 17, 1,  NULL),
(10127, 58, 1,  NULL),
(10128, 49, 1,  NULL),
(10129, 47, 1,  NULL),
(10130, 49, 1,  NULL),
(10131, 54, 1,  NULL),
(10131, 17, 1,  NULL),
(10132, 49, 1,  NULL),
(10133, 58, 1,  NULL),
(10134, 60, 1,  NULL),
(10134, 52, 1,  NULL),
(10135, 64, 1,  NULL),
(10136, 59, 1,  NULL),
(10136, 5, 1,  NULL),
(10137, 18, 1,  NULL),
(10137, 17, 1,  NULL),
(10138, 34, 1,  NULL),
(10139, 14, 1, 3),
(10139, 55, 2,  NULL),
(10140, 2, 1, 3),
(10140, 3, 1, 3),
(10141, 17, 1,  NULL),
(10142, 7, 1,  NULL),
(10142, 65, 1,  NULL),
(10143, 44, 1, 3),
(10144, 36, 2,  NULL),
(10145, 49, 1, 3),
(10145, 56, 1, 3),
(10145, 58, 1,  NULL),
(10146, 34, 1, 3),
(10147, 31, 1,  NULL),
(10147, 61, 3, 3),
(10148, 61, 2, 3),
(10148, 44, 2, 3),
(10149, 1, 1, 3),
(10150, 43, 1,  NULL),
(10150, 46, 1,  NULL),
(10151, 28, 1,  NULL),
(10152, 11, 1,  NULL),
(10153, 8, 1, 4),
(10154, 33, 2, 4),
(10155, 48, 1,  NULL),
(10155, 23, 2,  NULL),
(10156, 55, 1, 4),
(10157, 60, 1, 4),
(10158, 26, 1,  NULL),
(10158, 28, 1, 4),
(10159, 56, 3,  NULL),
(10160, 13, 1, 4),
(10160, 63, 1,  NULL),
(10161, 11, 1,  NULL),
(10161, 52, 2, 4),
(10162, 20, 4,  NULL),
(10163, 6, 1,  NULL),
(10163, 2, 1,  NULL),
(10164, 53, 1,  NULL),
(10164, 43, 1, 4),
(10165, 8, 1, 4),
(10166, 30, 1,  NULL),
(10167, 47, 1,  NULL),
(10168, 54, 1,  NULL),
(10168, 37, 1,  NULL),
(10169, 21, 1,  NULL),
(10169, 7, 1,  NULL),
(10170, 5, 1,  NULL),
(10171, 60, 1,  NULL),
(10171, 53, 1,  NULL),
(10172, 24, 1,  NULL),
(10172, 16, 1,  NULL),
(10173, 42, 1,  NULL),
(10174, 20, 1,  NULL),
(10174, 4, 1,  NULL),
(10175, 2, 1,  NULL),
(10176, 28, 1,  NULL),
(10177, 27, 1,  NULL),
(10178, 46, 1,  NULL),
(10179, 28, 1,  NULL),
(10179, 37, 1,  NULL),
(10180, 66, 1,  NULL),
(10180, 55, 1,  NULL),
(10181, 65, 1,  NULL),
(10182, 14, 1,  NULL),
(10182, 56, 1,  NULL),
(10183, 41, 1,  NULL),
(10184, 66, 1,  NULL),
(10184, 66, 1,  NULL),
(10185, 25, 1,  NULL),
(10185, 29, 1,  NULL),
(10186, 49, 2,  NULL),
(10187, 23, 1,  NULL),
(10187, 33, 1,  NULL),
(10188, 62, 1,  NULL),
(10188, 35, 2,  NULL),
(10189, 53, 1,  NULL),
(10190, 48, 1,  NULL),
(10190, 32, 1,  NULL),
(10191, 51, 1,  NULL),
(10192, 21, 1,  NULL),
(10192, 12, 1,  NULL),
(10193, 65, 1,  NULL),
(10193, 42, 1,  NULL),
(10194, 23, 1,  NULL),
(10195, 2, 1,  NULL),
(10195, 43, 1,  NULL),
(10196, 3, 1,  NULL),
(10196, 27, 3,  NULL),
(10197, 19, 1,  NULL),
(10198, 45, 1,  NULL),
(10198, 64, 1,  NULL),
(10199, 51, 1,  NULL),
(10200, 46, 1,  NULL),
(10200, 66, 1,  NULL),
(10201, 7, 1,  NULL),
(10201, 15, 2,  NULL),
(10202, 11, 1,  NULL),
(10203, 32, 2,  NULL),
(10203, 22, 1,  NULL),
(10204, 62, 1,  NULL),
(10205, 46, 1,  NULL),
(10205, 15, 1,  NULL),
(10206, 2, 1,  NULL),
(10206, 29, 1,  NULL),
(10207, 23, 1,  NULL),
(10208, 18, 1,  NULL),
(10208, 7, 1,  NULL),
(10209, 54, 2,  NULL),
(10209, 64, 2,  NULL),
(10210, 37, 1,  NULL),
(10211, 45, 1,  NULL),
(10211, 52, 1,  NULL),
(10212, 31, 1,  NULL),
(10213, 52, 1,  NULL),
(10213, 40, 1,  NULL),
(10214, 41, 1,  NULL),
(10214, 39, 1,  NULL),
(10215, 36, 1,  NULL),
(10216, 55, 2,  NULL),
(10216, 4, 1,  NULL),
(10217, 40, 1,  NULL),
(10217, 23, 1,  NULL),
(10218, 4, 2,  NULL),
(10219, 15, 1, 5),
(10219, 39, 1, 5),
(10220, 14, 2, 5),
(10221, 8, 1, 5),
(10221, 19, 1, 5),
(10222, 58, 2, 5),
(10222, 24, 1, 5),
(10223, 29, 1, 5),
(10224, 50, 4, 5),
(10224, 65, 1, 5),
(10225, 64, 1, 5),
(10225, 65, 1, 5),
(10226, 58, 2, 5),
(10227, 2, 1, 5),
(10227, 47, 1, 5),
(10228, 13, 2, 5),
(10229, 1, 1, 5),
(10229, 46, 1, 5),
(10230, 48, 1, 5),
(10230, 53, 3, 5),
(10231, 5, 1, 5),
(10232, 36, 1, 5),
(10232, 50, 1, 5),
(10233, 10, 1, 5),
(10233, 52, 2, 5),
(10234, 55, 1, 5),
(10235, 22, 1, 5),
(10235, 16, 1, 5),
(10236, 63, 1, 5),
(10237, 61, 2, 5),
(10238, 63, 1, 5),
(10239, 14, 1, 5),
(10240, 33, 1, 5),
(10240, 18, 2, 5),
(10241, 43, 1, 5),
(10242, 39, 1, 5),
(10242, 48, 1, 5),
(10243, 45, 1, 5),
(10244, 61, 1, 5),
(10245, 30, 2, 5),
(10246, 17, 1, 5),
(10246, 15, 1, 5),
(10246, 54, 1, 5),
(10247, 58, 1, 5),
(10248, 21, 2, 5),
(10249, 10, 1, 5),
(10250, 18, 1, 5),
(10250, 3, 1, 5),
(10251, 61, 1, 5),
	(10252, 10, 2, 5)


